wavelength (eV);psi;tan(Psi);delta;cos(Delta)
5.061361409;11.36038577;0.200915961;176.0856373;-0.997667198
5.045214465;11.46794572;0.202869756;175.7496708;-0.997249759
5.029170219;11.44474141;0.202448131;176.4378142;-0.998067952
5.013227694;11.54669861;0.204301222;176.9801983;-0.998611388
4.997385926;11.43217108;0.202219755;176.7214383;-0.998363285
4.981643962;11.38818145;0.201420719;176.0730902;-0.997652224
4.966000862;11.35552295;0.200827664;177.0496461;-0.998674508
4.950455698;11.4267324;0.202120953;175.8480952;-0.997375603
4.935007553;11.37010535;0.201092453;176.8547188;-0.99849362
4.919655521;11.30901122;0.199983278;176.2665548;-0.997877779
4.904398709;11.36044117;0.200916967;176.4951546;-0.998129632
4.889236233;11.37149825;0.201117747;176.7635613;-0.998405061
4.874167221;11.33414117;0.20043946;176.696249;-0.998338046
4.859190811;11.2986452;0.199795128;177.0837429;-0.998704962
4.844306152;11.38918421;0.201438931;176.0742635;-0.997653627
4.829512404;11.30714064;0.199949325;176.9367845;-0.998571184
4.814808737;11.1527614;0.197148678;176.9620899;-0.998594688
4.80019433;11.23561473;0.198651376;176.6781288;-0.99831977
4.785668373;11.32788391;0.200325865;176.58581;-0.998225109
4.771230065;11.19854272;0.197978901;176.7073699;-0.998349213
4.756878615;11.23652978;0.198667977;177.0809206;-0.998702454
4.742613243;11.27391172;0.199346254;176.5510964;-0.998188845
4.728433175;11.3152073;0.200095747;176.2607026;-0.997871123
4.714337649;11.1377237;0.196876034;176.3787756;-0.9980034
4.700325911;11.26351196;0.199157538;176.8405297;-0.998480001
4.686397217;11.17810884;0.19760831;176.9668041;-0.998599045
4.67255083;11.24498374;0.198821355;176.7327446;-0.998374551
4.658786022;11.21567274;0.198289613;176.600882;-0.998240741
4.645102076;11.15578705;0.197203539;176.5786883;-0.998217699
4.63149828;11.20098723;0.198023238;176.6376265;-0.99827856
4.617973932;11.16622357;0.197392781;176.8737115;-0.998511753
4.604528339;11.26165968;0.199123927;177.0194422;-0.998647236
4.591160814;11.15536647;0.197195913;176.9924725;-0.99862265
4.57787068;11.16794963;0.197424081;176.2085217;-0.997811314
4.564657266;11.10597231;0.196300451;176.894561;-0.998531532
4.551519911;11.12781192;0.196696342;176.7005133;-0.998342332
4.538457958;11.08909872;0.19599462;176.6163896;-0.998256752
4.525470761;11.11389199;0.196444005;176.7906568;-0.998431648
4.51255768;11.10033378;0.19619825;176.6926397;-0.998334414
4.499718083;11.06264164;0.195515163;176.8165608;-0.998456857
4.486951343;11.1230689;0.196610359;176.5442804;-0.998181681
4.474256843;11.10727814;0.19632412;176.7509119;-0.998392573
4.46163397;11.12133439;0.196578916;176.7193091;-0.998361159
4.449082122;11.08426706;0.195907054;176.9008697;-0.998537491
4.436600698;11.05830742;0.195436626;176.8074367;-0.998448001
4.42418911;11.00836746;0.194531871;176.6807042;-0.998322374
4.411846772;11.00380527;0.194449234;176.8331243;-0.998472869
4.399573106;11.04956417;0.195278203;176.7781087;-0.998419363
4.387367541;11.05409745;0.195360342;177.1472876;-0.998760773
4.375229511;11.02538463;0.194840134;176.5152937;-0.998151058
4.363158457;11.07535575;0.195745558;176.8481036;-0.998487278
4.351153828;11.06442152;0.195547415;176.9760198;-0.998607543
4.339215075;10.98004485;0.194018891;177.0546702;-0.998679018
4.327341659;11.00981364;0.194558067;176.671566;-0.998313127
4.315533043;11.02847163;0.194896058;176.6835988;-0.998325298
4.3037887;10.9717033;0.193867827;177.0953872;-0.998715281
4.292108106;10.96781411;0.193797398;177.1186493;-0.998735772
4.280490743;10.95435029;0.193553596;176.8751543;-0.998513126
4.2689361;10.95204677;0.193511886;176.8623244;-0.998500894
4.257443669;10.95492258;0.193563958;176.9145885;-0.998550407
4.246012949;10.96796865;0.193800196;176.9358341;-0.998570297
4.234643446;10.97657233;0.193956004;176.7715648;-0.998412938
4.223334667;10.91316468;0.192807945;176.760495;-0.998402038
4.212086129;10.90796037;0.192713738;176.8820732;-0.998519701
4.200897352;10.90293261;0.19262273;176.966793;-0.998599035
4.189767859;10.92153235;0.192959422;176.7696671;-0.998411072
4.178697181;10.8880205;0.192352821;177.1457041;-0.998759397
4.167684854;10.90953536;0.192742248;177.2804925;-0.998873779
4.156730417;10.91513757;0.192843659;177.0724712;-0.998694934
4.145833414;10.87208812;0.192064475;176.9737653;-0.998605466
4.134993396;10.91080531;0.192765236;177.2823554;-0.998875321
4.124209916;10.87450782;0.192108265;176.9015515;-0.998538134
4.113482534;10.86081838;0.191860533;177.0042997;-0.998633459
4.102810812;10.8761307;0.192137635;177.1105209;-0.99872863
4.092194319;10.86196547;0.191881291;176.9474796;-0.998581141
4.081632627;10.84297646;0.191537689;177.2590772;-0.998855975
4.071125313;10.84445962;0.191564525;177.0241365;-0.998651493
4.060671957;10.83971221;0.191478628;177.2251709;-0.998827501
4.050272146;10.86134283;0.191870023;177.3483829;-0.998929297
4.039925469;10.84547523;0.191582901;177.0524528;-0.998677028
4.02963152;10.80442982;0.190840332;177.1116955;-0.998729664
4.019389896;10.81624354;0.191054038;177.1757195;-0.998785346
4.0092002;10.83619008;0.191414902;177.2294156;-0.998831085
3.999062038;10.80796978;0.190904367;177.0557628;-0.998679998
3.98897502;10.76262956;0.190084314;177.1547263;-0.998767226
3.97893876;10.80682477;0.190883654;177.3688381;-0.99894575
3.968952876;10.81025158;0.190945643;177.2323089;-0.998833525
3.959016988;10.78279549;0.190449018;177.3580927;-0.998937123
3.949130724;10.76393057;0.190107842;177.2689668;-0.998864214
3.939293712;10.80644139;0.190876719;177.1530256;-0.998765752
3.929505584;10.7803098;0.190404061;177.2991636;-0.998889187
3.919765978;10.76114709;0.190057506;177.3026514;-0.998892054
3.910074534;10.73370527;0.1895613;177.2393308;-0.998839435
3.900430894;10.76012691;0.190039057;177.3092925;-0.998897502
3.890834707;10.74742059;0.189809291;177.3695337;-0.998946307
3.881285623;10.73257115;0.189540795;177.3176457;-0.998904335
3.871783296;10.77173463;0.190248975;177.4784525;-0.999031747
3.862327383;10.76457716;0.190119535;177.3203114;-0.998906512
3.852917545;10.72955441;0.189486252;177.3770594;-0.998952327
3.843553446;10.7171394;0.189261798;177.3229652;-0.998908676
3.834234754;10.73278085;0.189544586;177.3481633;-0.99892912
3.824961139;10.72401832;0.189386161;177.3736473;-0.9989496
3.815732275;10.71155109;0.189160772;177.2992351;-0.998889246
3.806547838;10.71703578;0.189259925;177.3830684;-0.998957121
3.797407509;10.7349422;0.189583664;177.2772616;-0.998871102
3.78831097;10.71391949;0.189203588;177.4363198;-0.998999125
3.779257908;10.6927774;0.188821406;177.3902998;-0.998962875
3.770248012;10.66697899;0.188355125;177.3626052;-0.99894075
3.761280973;10.71258432;0.18917945;177.4558394;-0.999014305
3.752356487;10.70093426;0.18896885;177.3268789;-0.998911864
3.743474252;10.64116191;0.187888585;177.5114223;-0.999056898
3.734633967;10.66112133;0.188249264;177.3583178;-0.998937304
3.725835338;10.69894387;0.188932871;177.4567458;-0.999015007
3.717078069;10.65826094;0.188197572;177.4192823;-0.99898578
3.70836187;10.64758313;0.188004615;177.5978518;-0.999121259
3.699686453;10.65058121;0.188058792;177.3940689;-0.998965869
3.691051532;10.65358045;0.18811299;177.4400121;-0.999002005
3.682456824;10.66088573;0.188245006;177.558626;-0.999092331
3.673902049;10.62950472;0.187677955;177.5545549;-0.999089301
3.66538693;10.64633699;0.187982098;177.353178;-0.998933166
3.656911191;10.64790506;0.188010433;177.5395342;-0.999078081
3.64847456;10.63014617;0.187689544;177.5768262;-0.999105811
3.640076766;10.6225368;0.187552061;177.4953451;-0.999044675
3.631717542;10.62488566;0.187594498;177.4540481;-0.999012917
3.623396623;10.6167066;0.187446727;177.5422052;-0.999080081
3.615113747;10.59542732;0.187062311;177.6796333;-0.999180066
3.606868652;10.63632961;0.18780127;177.5995738;-0.999122519
3.598661082;10.60521113;0.187239052;177.5676246;-0.999099008
3.59049078;10.58102637;0.186802184;177.5819975;-0.999109623
3.582357494;10.56759123;0.186559525;177.5704881;-0.999101128
3.574260971;10.63049951;0.187695929;177.6099935;-0.999130119
3.566200964;10.58312022;0.186840004;177.4690323;-0.9990245
3.558177226;10.57774525;0.18674292;177.6666292;-0.999170852
3.550189513;10.61584965;0.187431245;177.6143511;-0.999133288
3.542237583;10.58320371;0.186841512;177.6290201;-0.999143912
3.534321196;10.55044983;0.186249956;177.5511051;-0.999086731
3.526440113;10.57061831;0.186614197;177.7282919;-0.99921409
3.5185941;10.56848261;0.186575624;177.465798;-0.999022006
3.510782923;10.58701598;0.186910372;177.6490616;-0.999158321
3.50300635;10.54483733;0.186148603;177.6343982;-0.999147791
3.495264152;10.5654681;0.18652118;177.7229335;-0.999210378
3.487556102;10.5427543;0.186110988;177.659402;-0.999165708
3.479881974;10.54425713;0.186138126;177.5426911;-0.999080445
3.472241544;10.52546509;0.1857988;177.7632964;-0.99923812
3.464634591;10.54972345;0.186236838;177.7435373;-0.999224602
3.457060896;10.5210049;0.185718268;177.6287929;-0.999143748
3.449520241;10.52356365;0.185764468;177.6171064;-0.999135288
3.442012411;10.52649355;0.185817369;177.7868505;-0.99925408
3.43453719;10.54371593;0.186128353;177.9059678;-0.999332205
3.427094369;10.53379645;0.185949233;177.664316;-0.999169207
3.419683735;10.52589721;0.185806602;177.6141675;-0.999133154
3.412305081;10.50921275;0.185505366;177.8562127;-0.999300098
3.4049582;10.53629155;0.185994287;177.7304124;-0.999215556
3.397642888;10.50955863;0.18551161;177.5715582;-0.99910192
3.390358942;10.47370085;0.184864311;177.6288141;-0.999143763
3.38310616;10.54516174;0.186154461;177.7210194;-0.999209051
3.375884342;10.53000889;0.185880843;177.8072259;-0.99926775
3.368693291;10.5068832;0.185463309;177.7315685;-0.999216355
3.36153281;10.48070419;0.184990723;177.6290133;-0.999143907
3.354402706;10.50470841;0.185424046;177.7532614;-0.999231269
3.347302784;10.52295733;0.18575352;177.6145105;-0.999133403
3.340232855;10.50721018;0.185469212;177.6660237;-0.999170421
3.333192728;10.46066549;0.184629036;177.7999443;-0.999262879
3.326182214;10.48928635;0.18514564;177.7887535;-0.999255362
3.319201129;10.50537369;0.185436057;177.775965;-0.999246725
3.312249287;10.48323813;0.185036462;177.7436683;-0.999224692
3.305326504;10.44649129;0.184373229;177.8455043;-0.999293089
3.298432598;10.46225416;0.184657709;177.6181007;-0.999136009
3.29156739;10.50795755;0.185482705;177.8321148;-0.999284276
3.2847307;10.48193695;0.185012975;177.7484307;-0.999227961
3.277922352;10.46285682;0.184668586;177.8272791;-0.99928108
3.271142169;10.45602559;0.184545296;177.7531738;-0.999231209
3.264389977;10.4589035;0.184597235;177.8453385;-0.99929298
3.257665602;10.44934299;0.184424692;177.7951574;-0.999259668
3.250968875;10.42056878;0.183905455;177.5869701;-0.999113281
3.244299623;10.46749308;0.184752265;177.9106812;-0.999335208
3.237657679;10.45196243;0.184471966;177.7779321;-0.999248057
3.231042874;10.43914967;0.184240741;177.7820146;-0.999250817
3.224455044;10.45946622;0.184607392;177.7649121;-0.99923922
3.217894024;10.45006291;0.184437685;177.7966112;-0.999260644
3.211359649;10.43816363;0.184222947;177.8732335;-0.999311166
3.204851759;10.41301369;0.183769137;177.8134377;-0.999271892
3.198370192;10.44087418;0.184271861;177.7687006;-0.999241797
3.191914789;10.43039017;0.184082673;177.7930661;-0.999258263
3.185485392;10.42913575;0.184060038;177.9001048;-0.999328461
3.179081844;10.42362355;0.183960574;177.714557;-0.999204559
3.172703989;10.4151353;0.183807417;177.6866514;-0.999185018
3.166351674;10.43857216;0.184230319;177.8827515;-0.999317317
3.160024745;10.39365182;0.183419818;177.8186935;-0.999275388
3.15372305;10.40216262;0.183573361;177.8918524;-0.999323173
3.147446438;10.40130961;0.183557972;177.7952707;-0.999259744
3.141194761;10.41729188;0.183846328;177.9564788;-0.999364029
3.13496787;10.41231496;0.18375653;177.8191097;-0.999275664
3.128765617;10.38094402;0.183190573;177.7660036;-0.999239963
3.122587857;10.39953688;0.183525989;177.9066291;-0.999332627
3.116434445;10.40385187;0.183603838;177.9476816;-0.999358543
3.110305237;10.40959537;0.183707462;177.8078398;-0.99926816
3.104200091;10.39455906;0.183436185;177.9319504;-0.999348672
3.098118865;10.40368044;0.183600745;177.9400603;-0.99935377
3.092061419;10.37714793;0.183122096;177.9304022;-0.999347697
3.086027614;10.38697174;0.183299309;177.8622695;-0.999304046
3.080017312;10.3894246;0.183343558;177.9717035;-0.999373469
3.074030376;10.36182003;0.182845616;177.9577112;-0.999364796
3.068066669;10.35479153;0.182718847;177.8418494;-0.999290689
3.062126057;10.37979565;0.183169857;177.8166266;-0.999274014
3.056208405;10.37290656;0.183045589;177.862113;-0.999303945
3.050313582;10.35776387;0.182772457;178.0437465;-0.999417182
3.044441455;10.36813195;0.182959465;177.9685794;-0.999371538
3.038591893;10.37198324;0.183028934;177.9540253;-0.999362502
3.032764766;10.35693656;0.182757535;178.0288251;-0.999408258
3.026959947;10.3735472;0.183057145;178.021149;-0.999403641
3.021177306;10.35962724;0.182806065;177.9862636;-0.999382431
3.015416717;10.34636746;0.182566915;177.901957;-0.999329645
3.009678054;10.36663927;0.182932541;177.9673372;-0.999370769
3.003961192;10.34988613;0.182630375;178.0332147;-0.999410891
2.998266007;10.32795109;0.182234795;177.8839754;-0.999318106
2.992592376;10.32054943;0.182101324;177.8059859;-0.999266921
2.986940178;10.34247442;0.182496705;178.003713;-0.999393087
2.981309289;10.35421114;0.182708379;178.1126908;-0.999457535
2.975699592;10.32039065;0.182098461;177.8638138;-0.999305051
2.970110965;10.34000236;0.182452123;177.8837644;-0.99931797
2.964543291;10.33276727;0.182321646;178.03226;-0.999410319
2.958996452;10.34697507;0.182577873;177.9651675;-0.999369425
2.95347033;10.32361377;0.182156581;178.0706937;-0.999433127
2.947964812;10.32153738;0.182119139;177.8921084;-0.999323337
2.94247978;10.32473663;0.182176829;178.0701163;-0.999432787
2.937015122;10.3318647;0.182305369;178.0355063;-0.999412262
2.931570723;10.3134214;0.181972794;178.0463708;-0.999418745
2.926146472;10.31220881;0.18195093;177.9896823;-0.999384526
2.920742257;10.34673115;0.182573474;178.0962033;-0.999448017
2.915357967;10.31116151;0.181932046;177.9975145;-0.999389312
2.909993492;10.32256867;0.182137736;178.018536;-0.999402065
2.904648722;10.29749425;0.181685623;178.1354628;-0.999470546
2.89932355;10.3055707;0.18183124;178.012317;-0.999398306
2.894017868;10.3158154;0.182015961;178.0472201;-0.99941925
2.888731569;10.30893408;0.181891884;177.9811599;-0.999379297
2.883464547;10.31013242;0.18191349;178.1060895;-0.999453734
2.878216696;10.30126065;0.181753529;178.0167228;-0.999400971
2.872987913;10.31637836;0.182026112;178.0792557;-0.999438146
2.867778094;10.3008458;0.18174605;178.1033934;-0.999452178
2.862587135;10.2814809;0.181396926;178.0387055;-0.999414175
2.857414934;10.29871337;0.181707603;178.1178077;-0.999460472
2.85226139;10.27362579;0.18125532;178.0638785;-0.999429115
2.847126402;10.30708326;0.181858512;178.0723643;-0.999434108
2.842009871;10.2622047;0.181049443;178.0538223;-0.99942317
2.836911696;10.26750264;0.181144943;178.1291956;-0.999466981
2.831831779;10.28812672;0.181516736;178.1152139;-0.999458984
2.826770022;10.27766054;0.181328055;178.0044885;-0.999393558
2.821726328;10.31479655;0.18199759;178.0887656;-0.999443696
2.816700601;10.29358301;0.181615106;178.1577393;-0.99948312
2.811692744;10.28265304;0.181418057;178.1128824;-0.999457645
2.806702663;10.27439123;0.181269119;178.1279493;-0.99946627
2.801730263;10.27433678;0.181268137;178.0496062;-0.999420668
2.79677545;10.28643375;0.181486215;178.1666042;-0.999488082
2.791838131;10.26168204;0.181040022;178.1189231;-0.999461112
2.786918214;10.28355341;0.181434288;178.142823;-0.999474717
2.782015607;10.26512281;0.181102044;178.0880997;-0.999443308
2.777130218;10.27593792;0.181297001;178.2097637;-0.999511898
2.772261957;10.25756687;0.180965846;178.2151386;-0.999514825
2.767410734;10.23830253;0.18061863;178.0354327;-0.999412218
2.76257646;10.26454164;0.181091568;178.1400772;-0.999473163
2.757759046;10.27287777;0.181241836;178.166814;-0.999488199
2.752958404;10.25623104;0.180941768;178.1128681;-0.999457637
2.748174447;10.23789924;0.180611362;178.0972177;-0.999448605
2.743407087;10.26843808;0.181161805;178.1685341;-0.999489159
2.738656239;10.26945533;0.181180142;178.146604;-0.999476854
2.733921818;10.24118175;0.180670522;177.9821102;-0.999379881
2.729203737;10.24345053;0.180711412;178.076152;-0.999436329
2.724501912;10.24608946;0.180758975;178.0561588;-0.999424554
2.71981626;10.25346026;0.180891826;178.1916748;-0.999501986
2.715146698;10.20976488;0.180104351;178.1762952;-0.999493479
2.710493141;10.23664084;0.180588682;178.174888;-0.999492697
2.70585551;10.22760377;0.180425816;178.1909213;-0.999501571
2.701233721;10.26716679;0.181138889;178.1707001;-0.999490367
2.696627694;10.23671165;0.180589958;178.1969349;-0.999504879
2.692037348;10.22083751;0.180303881;178.1009849;-0.999450786
2.687462603;10.24752765;0.180784896;178.2237947;-0.999519519
2.682903381;10.23330603;0.180528581;178.0667303;-0.999430795
2.678359601;10.24535533;0.180745743;178.0250103;-0.999405966
2.673831186;10.22087517;0.18030456;178.1445071;-0.999475669
2.669318058;10.21677112;0.180230603;178.1435648;-0.999475137
2.66482014;10.22597615;0.180396484;178.1122224;-0.999457266
2.660337354;10.22315801;0.180345698;178.2051438;-0.999509376
2.655869625;10.21718834;0.180238121;178.200619;-0.9995069
2.651416878;10.21798768;0.180252526;178.2854647;-0.999552302
2.646979035;10.23967442;0.180643355;178.1902703;-0.999501212
2.642556024;10.22317989;0.180346093;178.209192;-0.999511587
2.63814777;10.23435238;0.180547439;178.2838681;-0.999551468
2.633754198;10.21819364;0.180256237;178.1878042;-0.999499852
2.629375236;10.20486763;0.180016107;178.1608048;-0.999484839
2.625010812;10.23455528;0.180551095;178.1764843;-0.999493584
2.620660852;10.21023513;0.180112825;178.2588919;-0.999538318
2.616325285;10.21990197;0.180287022;178.287613;-0.999553423
2.612004039;10.20467589;0.180012652;178.2254396;-0.999520408
2.607697045;10.21508092;0.180200145;178.2003121;-0.999506731
2.603404231;10.20801835;0.18007288;178.2106385;-0.999512375
2.599125527;10.20090647;0.179944732;178.21328;-0.999513814
2.594860865;10.21001085;0.180108784;178.1510557;-0.999479363
2.590610174;10.20237808;0.179971249;178.1944768;-0.999503528
2.586373387;10.20072401;0.179941445;178.2301426;-0.999522947
2.582150435;10.19264176;0.179795819;178.1985076;-0.999505742
2.577941252;10.18623813;0.179680444;178.1772033;-0.999493984
2.573745768;10.1896772;0.179742406;178.2340961;-0.999525076
2.569563919;10.19705529;0.179875341;178.2619748;-0.999539952
2.565395636;10.20171634;0.179959325;178.2998989;-0.999559808
2.561240856;10.19307431;0.179803613;178.2116078;-0.999512903
2.557099511;10.18359736;0.179632866;178.1194321;-0.999461403
2.552971537;10.1663733;0.179322566;178.3150685;-0.999567628
2.548856869;10.18367694;0.1796343;178.265107;-0.999541608
2.544755444;10.18352284;0.179631524;178.1639341;-0.99948659
2.540667196;10.19295417;0.179801448;178.2862452;-0.999552709
2.536592064;10.17859979;0.179542829;178.3245864;-0.999572498
2.532529983;10.17039846;0.179395079;178.2098584;-0.99951195
2.528480891;10.19831734;0.179898081;178.2367601;-0.999526507
2.524444726;10.16826307;0.17935661;178.296906;-0.999558257
2.520421427;10.18200333;0.179604148;178.2683743;-0.999543333
2.516410931;10.17551519;0.179487258;178.189394;-0.999500729
2.512413178;10.17017054;0.179390973;178.2835134;-0.999551282
2.508428107;10.15360841;0.179092622;178.2716818;-0.999545076
2.504455658;10.15325376;0.179086233;178.2097598;-0.999511896
2.50049577;10.21071275;0.180121432;178.3653394;-0.999593041
2.496548386;10.1622523;0.179248329;178.2064906;-0.999510112
2.492613444;10.18006582;0.179569241;178.3467894;-0.999583753
2.488690888;10.16018533;0.179211095;178.2641249;-0.999541089
2.484780657;10.17817592;0.179535193;178.3129877;-0.999566559
2.480882695;10.16358135;0.179272271;178.2199658;-0.999517445
2.476996943;10.15725537;0.179158316;178.3204864;-0.999570404
2.473123345;10.15446064;0.179107973;178.4113868;-0.999615644
2.469261843;10.1440073;0.178919681;178.278147;-0.999548473
2.465412381;10.18484844;0.179655406;178.2591362;-0.999538448
2.461574902;10.14464669;0.178931198;178.2768652;-0.9995478
2.457749351;10.1641351;0.179282246;178.4168884;-0.999618302
2.453935673;10.16253357;0.179253396;178.3006722;-0.999560208
2.450133811;10.16498206;0.179297504;178.3322169;-0.999576383
2.446343711;10.14147448;0.178874061;178.2640568;-0.999541053
2.442565319;10.14212568;0.17888579;178.3602069;-0.999590482
2.438798581;10.15849698;0.179180681;178.355762;-0.999588259
2.435043442;10.15230265;0.179069101;178.227007;-0.999521255
2.43129985;10.14453521;0.17892919;178.4381201;-0.999628471
2.42756775;10.13996793;0.178846925;178.3129974;-0.999566564
2.423847091;10.16123603;0.179230022;178.1623216;-0.999485688
2.420137819;10.14197139;0.178883011;178.3622518;-0.999591502
2.416439882;10.12314361;0.178543909;178.3214831;-0.999570913
2.41275323;10.15476162;0.179113395;178.2714988;-0.999544979
2.409077809;10.13332262;0.178727235;178.2510564;-0.999534154
2.405413569;10.13308427;0.178722942;178.400819;-0.999610514
2.401760458;10.13625596;0.178780067;178.4071029;-0.999613569
2.398118427;10.13261074;0.178714414;178.1690639;-0.999489455
2.394487425;10.14006736;0.178848716;178.453133;-0.999635578
2.390867401;10.13552366;0.178766878;178.3637792;-0.999592264
2.387258307;10.14366618;0.178913537;178.2817582;-0.999550364
2.383660092;10.11519611;0.178400781;178.2666892;-0.999542444
2.380072708;10.12553984;0.178587064;178.2760121;-0.999547352
2.376496105;10.12758538;0.178623905;178.4224484;-0.999620978
2.372930236;10.1190683;0.178470515;178.4770381;-0.999646754
2.369375052;10.14092479;0.17886416;178.3205989;-0.999570461
2.365830505;10.13874081;0.178824823;178.4052035;-0.999612647
2.362296547;10.13200217;0.178703453;178.472724;-0.99964475
2.35877313;10.12352683;0.178550811;178.4020614;-0.999611119
2.355260209;10.12393048;0.17855808;178.2011657;-0.999507199
2.351757736;10.14099996;0.178865514;178.3456383;-0.999583173
2.348265664;10.12366734;0.178553341;178.4735695;-0.999645143
2.344783948;10.11838015;0.178458122;178.3437958;-0.999582244
2.341312541;10.11383755;0.178376315;178.3878509;-0.999604172
2.337851397;10.12715843;0.178616215;178.4776093;-0.999647019
2.334400471;10.11797327;0.178450794;178.4058392;-0.999612955
2.330959719;10.12154804;0.178515173;178.3742989;-0.99959749
2.327529094;10.10341881;0.178188694;178.4255966;-0.999622489
2.324108552;10.13756596;0.178803662;178.2939985;-0.999556747
2.32069805;10.12435556;0.178565736;178.4718308;-0.999644334
2.317297542;10.0993755;0.178115885;178.3001068;-0.999559915
2.313906985;10.10891481;0.178287664;178.3557394;-0.999588248
2.310526335;10.11659376;0.178425951;178.4443868;-0.999631446
2.30715555;10.11796144;0.178450581;178.2872724;-0.999553245
2.303794585;10.08552099;0.177866417;178.3538385;-0.999587295
2.300443398;10.10718506;0.178256515;178.4112553;-0.999615581
2.297101946;10.12454927;0.178569224;178.3966957;-0.999608503
2.293770188;10.10845297;0.178279347;178.2693614;-0.999543853
2.29044808;10.10789327;0.178269268;178.429071;-0.999624153
2.287135582;10.10879989;0.178285595;178.4072647;-0.999613647
2.28383265;10.11916857;0.178472321;178.2984009;-0.999559032
2.280539245;10.10528581;0.178222314;178.3492693;-0.999585001
2.277255325;10.09640346;0.178062368;178.5144857;-0.999663911
2.273980848;10.10097933;0.178144765;178.5354605;-0.999673334
2.270715775;10.08852896;0.177920578;178.4991122;-0.999656919
2.267460065;10.08981468;0.177943728;178.5368671;-0.999673962
2.264213677;10.09509585;0.178038822;178.3466695;-0.999583693
2.260976572;10.10667664;0.178247359;178.4009551;-0.99961058
2.257748709;10.09987025;0.178124794;178.4963293;-0.999655646
2.25453005;10.09922538;0.178113182;178.3677352;-0.999594233
2.251320555;10.11229862;0.178348601;178.4040632;-0.999612093
2.248120185;10.10042759;0.17813483;178.5208689;-0.999666793
2.244928901;10.08761868;0.177904187;178.5604008;-0.999684365
2.241746665;10.09607469;0.178056448;178.3550185;-0.999587886
2.238573437;10.08122502;0.177789068;178.5717324;-0.999689314
2.23540918;10.09502703;0.178037583;178.4212598;-0.999620407
2.232253856;10.09626954;0.178059956;178.4103381;-0.999615137
2.229107428;10.0877525;0.177906597;178.3557339;-0.999588245
2.225969856;10.09373609;0.178014338;178.3677441;-0.999594238
2.222841105;10.09637901;0.178061928;178.417029;-0.99961837
2.219721137;10.09375717;0.178014717;178.3512567;-0.999586
2.216609914;10.08058878;0.177777612;178.6182775;-0.999709233
2.213507402;10.0751201;0.177679151;178.3966884;-0.9996085
2.210413562;10.08265631;0.177814838;178.5810526;-0.999693356
2.207328358;10.07987995;0.17776485;178.464915;-0.999641108
2.204251755;10.09074712;0.177960518;178.439458;-0.999629107
2.201183716;10.07136179;0.177611486;178.5457495;-0.999677908
2.198124206;10.07055535;0.177596967;178.3698584;-0.999595288
2.19507319;10.07434992;0.177665284;178.4259625;-0.999622665
2.192030631;10.07265258;0.177634725;178.4892323;-0.999652388
2.188996495;10.07636165;0.177701504;178.56546;-0.99968658
2.185970747;10.06679733;0.177529309;178.5319201;-0.999671753
2.182953352;10.06826206;0.177555679;178.4377326;-0.999628286
2.179944276;10.07591019;0.177693376;178.4582009;-0.999637962
2.176943484;10.07385236;0.177656326;178.6013972;-0.999702085
2.173950942;10.05763425;0.177364347;178.5910028;-0.999697641
2.170966616;10.06387667;0.177476728;178.5351503;-0.999673196
2.167990473;10.07393324;0.177657782;178.5813198;-0.999693471
2.165022478;10.06844068;0.177558895;178.5602332;-0.999684292
2.162062599;10.05710959;0.177354902;178.3811782;-0.999600889
2.159110802;10.06714748;0.177535613;178.3670663;-0.999593901
2.156167053;10.07388027;0.177656828;178.3926395;-0.99960652
2.153231321;10.07007866;0.177588385;178.578658;-0.99969232
2.150303572;10.05536842;0.177323557;178.5084844;-0.99966119
2.147383775;10.07786478;0.177728567;178.4618943;-0.999639694
2.144471895;10.06474974;0.177492446;178.5289792;-0.999670437
2.141567902;10.05282038;0.177277688;178.6346797;-0.999716095
2.138671764;10.04802671;0.177191394;178.4813402;-0.999648747
2.135783448;10.04709921;0.177174698;178.471747;-0.999644295
2.132902923;10.05900579;0.177389038;178.5884774;-0.999696556
2.130030157;10.05713286;0.177355321;178.4830886;-0.999649555
2.12716512;10.03804635;0.177011741;178.654841;-0.999724417
2.12430778;10.05819385;0.177374421;178.5693028;-0.999688256
2.121458105;10.04619888;0.177158491;178.5475919;-0.999678724
2.118616066;10.06308448;0.177462466;178.4849302;-0.999650405
2.115781631;10.06203121;0.177443504;178.5054651;-0.999659817
2.112954771;10.04428743;0.177124083;178.6140599;-0.999707455
2.110135454;10.04223139;0.177087073;178.6514668;-0.999723033
2.107323651;10.04683027;0.177169857;178.594656;-0.999699207
2.104519331;10.05659361;0.177345613;178.5784899;-0.999692247
2.101722466;10.0410657;0.17706609;178.6762989;-0.999733139
2.098933024;10.03491914;0.176955451;178.5783973;-0.999692207
2.096150977;10.04055068;0.177056819;178.4251299;-0.999622265
2.093376295;10.06572177;0.177509945;178.5110979;-0.999662377
2.090608949;10.05391088;0.177297319;178.4816006;-0.999648867
2.08784891;10.04516335;0.177139851;178.6157188;-0.999708155
2.085096149;10.03990016;0.17704511;178.4711011;-0.999643995
2.082350637;10.05192133;0.177261503;178.4317243;-0.999625422
2.079612346;10.04771673;0.177185814;178.5883221;-0.999696489
2.076881248;10.04581246;0.177151535;178.658684;-0.99972599
2.074157313;10.04597794;0.177154514;178.5719063;-0.99968939
2.071440514;10.0398778;0.177044707;178.4426601;-0.999630627
2.068730823;10.03293494;0.176919736;178.5946123;-0.999699188
2.066028212;10.02492561;0.176775575;178.7453097;-0.999760238
2.063332653;10.03934623;0.177035139;178.7206756;-0.999750731
2.060644118;10.01824565;0.176655347;178.4939264;-0.999654544
2.057962581;10.03708806;0.176994491;178.4953617;-0.999655203
2.055288014;10.04763756;0.177184389;178.5327069;-0.999672105
2.05262039;10.04297323;0.177100427;178.5064488;-0.999660265
2.049959681;10.00686299;0.176450489;178.6233249;-0.999711353
2.047305862;10.04317929;0.177104136;178.5341421;-0.999672746
2.044658905;10.03834319;0.177017084;178.5961118;-0.999699829
2.042018783;10.03433554;0.176944946;178.5396888;-0.999675218
2.03938547;10.02899342;0.176848791;178.4975574;-0.999656208
2.036758941;10.03572445;0.176969946;178.6418151;-0.999719054
2.034139168;10.04529007;0.177142132;178.6140481;-0.99970745
2.031526126;10.02093195;0.176703695;178.6999905;-0.999742606
2.028919788;10.00967001;0.176501007;178.6231792;-0.999711292
2.02632013;10.030499;0.17687589;178.6448826;-0.999720322
2.023727125;10.03512958;0.176959239;178.5765697;-0.999691415
2.021140748;10.04587328;0.17715263;178.4927428;-0.999654001
2.018560973;10.01759508;0.176643638;178.5427678;-0.999676586
2.015987776;10.02397248;0.17675842;178.545441;-0.999677771
2.013421131;10.04035233;0.177053249;178.4576956;-0.999637725
2.010861012;10.01609537;0.176616646;178.5473955;-0.999678637
2.008307396;10.02823735;0.176835182;178.6796759;-0.999734499
2.005760258;10.02598937;0.176794721;178.6934273;-0.99974
2.003219572;10.01785297;0.176648279;178.6199861;-0.999709951
2.000685315;10.02106715;0.176706128;178.655231;-0.999724577
1.998157462;10.0247855;0.176773053;178.6868624;-0.999737381
1.995635989;10.03015916;0.176869773;178.5051643;-0.99965968
1.993120871;10.0284517;0.176839041;178.5584859;-0.999683525
1.990612085;10.04070828;0.177059656;178.5805941;-0.999693157
1.988109607;10.02443781;0.176766795;178.6021867;-0.999702422
1.985613413;10.00627051;0.176439827;178.610514;-0.999705956
1.983123479;9.993688833;0.176213408;178.6744486;-0.999732392
1.980639782;10.02585463;0.176792296;178.4907516;-0.999653087
1.978162299;10.01625028;0.176619434;178.6613248;-0.999727067
1.975691006;10.00486048;0.176414451;178.5992913;-0.999701188
1.973225879;10.01645137;0.176623054;178.6608325;-0.999726867
1.970766897;10.016848;0.176630192;178.6308407;-0.999714496
1.968314036;10.00973501;0.176502177;178.6127035;-0.999706882
1.965867273;10.02947774;0.176857508;178.628688;-0.999713598
1.963426585;10.00251521;0.176372245;178.602682;-0.999702632
1.96099195;10.01342227;0.176568537;178.7858327;-0.999775475
1.958563346;10.003763;0.1763947;178.7793158;-0.999773058
1.956140749;9.99698905;0.176272796;178.4395782;-0.999629164
1.953724139;10.01029805;0.17651231;178.6491541;-0.999722082
1.951313492;10.01137019;0.176531605;178.6111069;-0.999706207
1.948908786;10.00314807;0.176383634;178.6397127;-0.999718184
1.94651;9.99796899;0.176290431;178.5345102;-0.99967291
1.944117112;9.996276517;0.176259974;178.6061044;-0.999704087
1.9417301;9.992066942;0.176184221;178.656734;-0.999725192
1.939348942;10.00700773;0.176453094;178.6648345;-0.999728497
1.936973617;10.00232893;0.176368892;178.5968136;-0.999700129
1.934604104;9.993693605;0.176213493;178.6190347;-0.999709551
1.932240381;10.01092367;0.176523569;178.6781525;-0.999733886
1.929882427;10.0122455;0.176547358;178.540912;-0.999675762
1.927530221;10.01268113;0.176555199;178.6396207;-0.999718146
1.925183742;9.990896422;0.176163158;178.6760753;-0.999733049
1.922842968;10.01507936;0.176598361;178.6061232;-0.999704095
1.92050788;10.00547562;0.176425521;178.7667049;-0.999768345
1.918178457;9.99304253;0.176201777;178.5395317;-0.999675148
1.915854677;10.0098408;0.17650408;178.6218679;-0.999710742
1.913536521;9.999397124;0.176316131;178.6873411;-0.999737572
1.911223968;9.999564057;0.176319136;178.6932456;-0.999739928
1.908916998;10.00624724;0.176439408;178.6582336;-0.999725805
1.906615591;9.994840388;0.17623413;178.6966553;-0.999741283
1.904319726;10.00619958;0.17643855;178.8414288;-0.999795565
1.902029383;9.98950943;0.176138199;178.6909555;-0.999739016
1.899744543;10.00352306;0.176390382;178.6453235;-0.999720504
1.897465186;9.979019125;0.175949435;178.5931598;-0.999698566
1.895191292;9.992139119;0.17618552;178.8182847;-0.999787316
1.892922842;10.00317098;0.176384046;178.6377523;-0.999717371
1.890659815;9.997525482;0.17628245;178.6730304;-0.999731819
1.888402193;9.993895479;0.176217126;178.7147253;-0.999748407
1.886149957;9.992149872;0.176185714;178.7681575;-0.99976889
1.883903086;10.00968589;0.176501293;178.643714;-0.999719839
1.881661562;9.989044685;0.176129836;178.473139;-0.999644943
1.879425365;9.993228763;0.176205129;178.818817;-0.999787507
1.877194478;9.977483518;0.175921804;178.5930808;-0.999698532
1.87496888;9.993731366;0.176214173;178.7902947;-0.999777122
1.872748553;9.98680791;0.176089586;178.667785;-0.999729695
1.870533479;9.975015228;0.175877391;178.6482377;-0.999721705
1.868323638;10.01126389;0.176529692;178.8137329;-0.999785674
1.866119013;9.9872086;0.176096797;178.5961349;-0.999699839
1.863919585;10.01002463;0.176507389;178.8258519;-0.999790031
1.861725334;9.981485486;0.175993814;178.8349607;-0.999793276
1.859536245;9.991085647;0.176166563;178.8486817;-0.999798116
1.857352297;9.98332822;0.176026972;178.6248093;-0.999711975
1.855173473;9.963088174;0.175662793;178.6748398;-0.99973255
1.852999755;9.962548567;0.175653085;178.7421533;-0.99975903
1.850831124;9.977007152;0.175913232;178.7981401;-0.999780003
1.848667564;9.993041218;0.176201754;178.6929347;-0.999739804
1.846509057;9.968732268;0.175764343;178.75411;-0.999763589
1.844355584;9.98646762;0.176083463;178.7781083;-0.999772609
1.842207128;9.99408786;0.176220588;178.6975086;-0.999741622
1.840063671;9.994093209;0.176220684;178.8575174;-0.999801203
1.837925197;9.977395063;0.175920212;178.7970357;-0.999779599
1.835791688;9.980155522;0.175969883;178.8022318;-0.999781498
1.833663126;9.987291142;0.176098282;178.8421173;-0.999795808
1.831539494;9.971116684;0.175807245;178.6220169;-0.999710804
1.829420776;9.980669097;0.175979124;178.8275961;-0.999790654
1.827306953;10.00873516;0.176484182;178.8964944;-0.999814536
1.82519801;9.98212085;0.176005246;178.7622308;-0.999766661
1.82309393;9.986450149;0.176083149;178.6445256;-0.999720175
1.820994695;9.964321634;0.175684986;178.8087567;-0.999783873
1.818900289;9.987030354;0.176093589;178.825115;-0.999789767
1.816810695;9.980835157;0.175982112;178.8045607;-0.999782347
1.814725896;9.958551804;0.175581177;178.7420659;-0.999758997
1.812645877;9.979696377;0.175961621;178.6739597;-0.999732195
1.810570621;9.980602635;0.175977928;178.801994;-0.999781412
1.80850011;9.982788946;0.176017268;178.7318205;-0.999755055
1.806434331;9.970837511;0.175802221;178.7461231;-0.999760549
1.804373265;9.98057036;0.175977347;178.6583853;-0.999725868
1.802316896;9.988814052;0.176125686;178.6651124;-0.99972861
1.80026521;9.999406064;0.176316292;178.7225079;-0.999751445
1.798218189;9.960114903;0.175609299;178.8056897;-0.999782758
1.796175819;9.968819437;0.175765911;178.7996639;-0.999780561
1.794138082;9.963203889;0.175664875;179.0225152;-0.999854476
1.792104964;9.971754569;0.175818722;178.6647959;-0.999728481
1.790076448;9.974293083;0.175864397;178.7352592;-0.999756382
1.788052519;9.97990168;0.175965315;178.8280609;-0.99979082
1.786033162;9.965656092;0.175708995;178.7898692;-0.999776965
1.784018361;9.973545846;0.175850952;178.8397852;-0.999794984
1.782008101;9.963742701;0.175674569;178.8011644;-0.999781109
1.780002366;9.966805195;0.17572967;179.0145631;-0.999852099
1.77800114;9.943645522;0.175313005;178.8336791;-0.999792821
1.77600441;9.980148586;0.175969758;178.7062723;-0.999745087
1.774012159;9.961142941;0.175627795;178.8402737;-0.999795157
1.772024373;9.969013764;0.175769407;178.7428181;-0.999759285
1.770041037;9.981799386;0.175999462;178.7954164;-0.999779005
1.768062135;9.968770469;0.17576503;178.6771065;-0.999733464
1.766087654;9.97758737;0.175923672;178.6405724;-0.99971854
1.764117577;9.978104767;0.175932982;178.9380956;-0.999828255
1.762151891;9.94450808;0.175328522;178.8033012;-0.999781888
1.76019058;9.957878068;0.175569055;178.8484407;-0.999798032
1.758233631;9.953253842;0.175485861;178.8723293;-0.999806324
1.756281028;9.972922158;0.17583973;178.9044395;-0.999817197
1.754332757;9.958320247;0.175577011;178.8591274;-0.999801763
1.752388804;9.965667041;0.175709192;178.7788176;-0.999772873
1.750449154;9.977882698;0.175928986;178.6752566;-0.999732718
1.748513794;9.982611374;0.176014073;178.7444729;-0.999759918
1.746582708;9.951376609;0.175452088;178.8983818;-0.99981517
1.744655883;9.953834977;0.175496316;178.7984551;-0.999780118
1.742733304;9.967545822;0.175742996;178.6999506;-0.99974259
1.740814959;9.959801105;0.175603653;178.960637;-0.999835469
1.738900832;9.942945719;0.175300415;178.809329;-0.99978408
1.736990909;9.942258033;0.175288044;178.8384567;-0.999794515
1.735085178;9.95174082;0.17545864;178.6919799;-0.999739424
1.733183624;9.955713071;0.175530104;178.748492;-0.999761453
1.731286233;9.973060437;0.175842218;178.7421152;-0.999759016
1.729392992;9.942201698;0.175287031;178.8568465;-0.99980097
1.727503887;9.948497063;0.175400284;178.7564823;-0.999764489
1.725618905;9.946983603;0.175373056;178.795039;-0.999778866
1.723738032;9.924221731;0.174963597;179.0065683;-0.999849689
1.721861254;9.971155432;0.175807942;178.7932353;-0.999778204
1.719988559;9.944417247;0.175326888;178.9087819;-0.999818643
1.718119933;9.956017553;0.175535582;178.6548253;-0.999724411
1.716255363;9.944110606;0.175321371;178.9352458;-0.999827332
1.714394836;9.977878401;0.175928909;178.820169;-0.999787994
1.712538338;9.931038852;0.175086223;178.6739288;-0.999732182
1.710685856;9.92741589;0.175021053;178.8880494;-0.999811686
1.708837378;9.948209672;0.175395114;178.7032074;-0.999743878
1.70699289;9.930931723;0.175084296;179.0082801;-0.999850207
1.70515238;9.945347112;0.175343616;178.8406654;-0.999795295
1.703315834;9.93216767;0.175106529;178.5995901;-0.999701315
1.70148324;9.951418302;0.175452838;178.7613632;-0.999766334
1.699654586;9.944706596;0.175332093;178.6853004;-0.999736756
1.697829857;9.956591355;0.175545906;178.8561378;-0.999800723
1.696009043;9.942761018;0.175297093;178.7990563;-0.999780338
1.69419213;9.926574264;0.175005914;178.9268537;-0.9998246
1.692379106;9.942788178;0.175297581;178.9695279;-0.999838272
1.690569957;9.940982888;0.175265105;178.8283711;-0.999790931
1.688764673;9.909408614;0.174697157;178.9927526;-0.99984548
1.68696324;9.939689494;0.175241838;178.9873174;-0.999843808
1.685165646;9.955999823;0.175535263;178.7628382;-0.99976689
1.683371879;9.945590397;0.175347993;178.9502403;-0.999832161
1.681581927;9.927506088;0.175022675;178.9253499;-0.999824108
1.679795777;9.949188748;0.175412727;179.0052489;-0.99984929
1.678013418;9.955037112;0.175517943;178.810593;-0.999784538
1.676234837;9.928645689;0.175043174;178.9903263;-0.999844734
1.674460023;9.928930057;0.17504829;178.7492079;-0.999761725
1.672688962;9.910256433;0.174712406;178.7792353;-0.999773028
1.670921645;9.913903057;0.174777995;178.8623033;-0.999802865
1.669158058;9.931969082;0.175102956;178.686;-0.999737036
1.66739819;9.957466918;0.175561658;178.855283;-0.999800425
1.665642029;9.945039219;0.175338077;178.8148103;-0.999786063
1.663889563;9.937642122;0.175205007;178.8767312;-0.999807833
1.662140781;9.918548339;0.174861548;178.7752643;-0.999771549
1.660395671;9.943583109;0.175311882;179.072015;-0.999868841
1.658654222;9.938383392;0.175218342;178.9781053;-0.999840953
1.656916422;9.908093799;0.174673509;178.9785737;-0.999841099
1.65518226;9.910182131;0.174711069;179.042319;-0.999860313
1.653451724;9.942610103;0.175294378;178.6621047;-0.999727385
1.651724802;9.949168175;0.175412357;178.9062628;-0.999817805
1.650001485;9.916978057;0.174833304;178.8988818;-0.999815337
1.648281759;9.940724581;0.175260458;178.9420836;-0.999829543
1.646565615;9.955903185;0.175533525;178.8546158;-0.999800192
1.64485304;9.914131145;0.174782097;178.8811409;-0.999809339
1.643144024;9.927636888;0.175025028;178.9060665;-0.999817739
1.641438556;9.897253997;0.174478553;178.8528747;-0.999799584
1.639736625;9.915461116;0.174806019;178.8593349;-0.999801835
1.638038219;9.927235468;0.175017807;178.8131259;-0.999785455
1.636343328;9.912591282;0.174754401;178.9913019;-0.999845034
1.634651941;9.915354139;0.174804095;178.6924238;-0.999739601
1.632964046;9.929207382;0.175053278;178.7686044;-0.999769058
1.631279634;9.936814022;0.17519011;178.8787899;-0.999808537
1.629598693;9.91291277;0.174760183;178.9073387;-0.999818163
1.627921213;9.920402733;0.174894903;178.9689626;-0.999838094
1.626247183;9.912372469;0.174750465;178.9445959;-0.999830352
1.624576592;9.932582593;0.175113992;179.1284641;-0.999884312
1.62290943;9.89974045;0.174523271;179.0136914;-0.999851837
1.621245686;9.925195213;0.174981108;178.8494687;-0.999798392
1.61958535;9.942004133;0.175283477;178.9098951;-0.999819013
1.617928411;9.913968141;0.174779165;179.0080244;-0.99985013
1.616274859;9.934058637;0.175140544;179.0199258;-0.999853704
1.614624684;9.92253145;0.174933193;179.035284;-0.999858253
1.612977874;9.899700999;0.174522561;179.0006023;-0.999847879
1.611334421;9.937793252;0.175207726;178.780509;-0.999773501
1.609694313;9.879267003;0.174155081;178.9632123;-0.999836283
1.60805754;9.922628228;0.174934934;178.8042633;-0.999782239
1.606424093;9.914182629;0.174783023;179.1084022;-0.999878925
1.604793961;9.922581282;0.174934089;179.0673258;-0.999867512
1.603167133;9.913965637;0.17477912;178.7622103;-0.999766653
1.601543601;9.930427372;0.175075224;178.7709045;-0.99976992
1.599923354;9.917037242;0.174834368;178.9009962;-0.999816046
1.598306382;9.904244143;0.17460427;178.8253028;-0.999789835
1.596692675;9.898236093;0.174496215;178.8957394;-0.999814282
1.595082223;9.895684313;0.174450323;178.9329733;-0.999826595
1.593475016;9.943601452;0.175312212;178.9552454;-0.999833758
1.591871045;9.883505386;0.174231299;179.0002047;-0.999847758
1.5902703;9.920217259;0.174891567;178.86523;-0.999803878
1.588672771;9.91809939;0.174853473;178.6756667;-0.999732884
1.587078449;9.958330233;0.17557719;179.2788616;-0.999920794
1.585487323;9.91247488;0.174752307;178.8480965;-0.999797911
1.583899385;9.890052722;0.174349043;178.9047413;-0.999817297
1.582314624;9.926371425;0.175002265;179.0270384;-0.99985582
1.580733031;9.929398532;0.175056717;179.0838381;-0.999872162
1.579154596;9.919747923;0.174883125;179.0810199;-0.999871374
1.577579311;9.88028159;0.174173326;179.0252825;-0.999855299
1.576007166;9.938018389;0.175211776;179.1756019;-0.999896488
1.57443815;9.930438123;0.175075417;178.7657643;-0.999767991
1.572872256;9.900850665;0.174543238;179.1402782;-0.999887427
1.571309474;9.920107061;0.174889585;178.9058441;-0.999817665
1.569749794;9.917554193;0.174843667;179.0610678;-0.999865729
1.568193207;9.94897568;0.175408894;178.9610303;-0.999835594
1.566639704;9.893359967;0.174408521;178.8057232;-0.99978277
1.565089276;9.917355328;0.17484009;178.8857678;-0.999810913
1.563541914;9.917088069;0.174835282;179.0475876;-0.999861846
1.561997609;9.906104621;0.174637732;179.0030277;-0.999848616
1.560456351;9.919452565;0.174877812;178.8885726;-0.999811863
1.558918131;9.88750089;0.174303152;179.1784647;-0.999897206
1.557382942;9.897460475;0.174482266;178.8156582;-0.999786369
1.555850772;9.916319345;0.174821456;178.880409;-0.99980909
1.554321615;9.894492599;0.17442889;179.2496247;-0.999914242
1.552795461;9.880726541;0.174181328;178.9971435;-0.999846824
1.5512723;9.888044047;0.17431292;179.1555774;-0.999891398
1.549752125;9.919767954;0.174883485;178.8978929;-0.999815005
1.548234927;9.899841595;0.17452509;179.264391;-0.999917584
1.546720696;9.90732225;0.174659632;179.1545683;-0.999891139
1.545209424;9.91306903;0.174762994;178.8623242;-0.999802872
1.543701102;9.899084507;0.174511474;178.9696657;-0.999838315
1.542195723;9.895357046;0.174444437;179.2468353;-0.999913603
1.540693276;9.884656675;0.174252003;179.1308515;-0.999884945
1.539193754;9.927444615;0.175021569;178.7547565;-0.999763835
1.537697148;9.872274339;0.174029337;179.1669737;-0.99989431
1.53620345;9.91426141;0.17478444;179.1702907;-0.99989515
1.534712651;9.895595556;0.174448726;178.8457647;-0.999797092
1.533224742;9.929690799;0.175061974;178.8377305;-0.999794258
1.531739716;9.875691998;0.174090794;178.7415807;-0.999758811
1.530257564;9.900081415;0.174529403;179.0977721;-0.999876021
1.528778277;9.930426664;0.175075211;178.8705005;-0.999805696
1.527301848;9.89334277;0.174408212;179.1669408;-0.999894302
1.525828267;9.894360801;0.17442652;178.9645874;-0.999836717
1.524357527;9.893207885;0.174405786;179.1673382;-0.999894402
1.52288962;9.906802072;0.174650276;179.0197522;-0.999853652
1.521424537;9.91215759;0.1747466;178.9275541;-0.999824829
1.519962271;9.898501153;0.174500982;179.0950632;-0.999875275
1.518502812;9.891484858;0.174374799;178.9698163;-0.999838362
1.517046154;9.886006646;0.17427628;179.0890958;-0.999873625
1.515592287;9.876683085;0.174108616;179.0397532;-0.999859563
1.514141205;9.892814095;0.174398704;179.1538338;-0.999890949
1.512692898;9.892176295;0.174387234;178.9325127;-0.999826445
1.51124736;9.891938429;0.174382956;179.0706301;-0.99986845
1.509804581;9.897850408;0.174489279;179.0687021;-0.999867903
1.508364555;9.899356346;0.174516363;178.9793181;-0.99984133
1.506927273;9.897818056;0.174488697;178.9242853;-0.999823759
1.505492728;9.893220565;0.174406014;179.0138429;-0.999851883
1.504060911;9.894939232;0.174436923;179.0624451;-0.999866122
1.502631815;9.902246369;0.17456834;179.0038604;-0.999848869
1.501205433;9.891392857;0.174373144;179.0510935;-0.999862861
1.499781755;9.880883982;0.174184159;178.9341361;-0.999826972
1.498360776;9.883007326;0.174222343;178.9410649;-0.999829214
1.496942486;9.897921184;0.174490552;179.0848921;-0.999872456
1.49552688;9.897265699;0.174478763;178.9484362;-0.999831584
1.494113947;9.896341319;0.174462139;179.0733571;-0.99986922
1.492703683;9.894811985;0.174434634;179.0109756;-0.99985102
1.491296078;9.897226965;0.174478066;179.0863127;-0.999872852
1.489891125;9.883829225;0.174237123;179.0757875;-0.999869905
1.488488817;9.890174122;0.174351227;178.9529242;-0.999833018
1.487089146;9.893567452;0.174412252;179.2210748;-0.999907592
1.485692105;9.89674817;0.174469456;178.9672007;-0.999837541
1.484297686;9.888027393;0.17431262;179.1350094;-0.999886043
1.482905883;9.889623948;0.174341332;178.9640893;-0.99983656
1.481516687;9.884435783;0.174248031;179.1511749;-0.999890263
1.480130091;9.882207895;0.174207967;178.9626421;-0.999836103
1.478746089;9.905150342;0.174620569;178.9559215;-0.999833973
1.477364672;9.896212528;0.174459822;179.067811;-0.99986765
1.475985834;9.897323762;0.174479807;179.1207094;-0.999882245
1.474609568;9.872766931;0.174038195;179.2907212;-0.999923378
1.473235865;9.876881607;0.174112186;179.1474892;-0.999889308
1.47186472;9.893241017;0.174406382;179.2213915;-0.999907667
1.470496124;9.890909876;0.174364458;179.026654;-0.999855706
1.469130072;9.883555287;0.174232197;179.0827116;-0.999871847
1.467766554;9.925786932;0.174991751;178.7187077;-0.999749964
1.466405566;9.893784945;0.174416164;178.96117;-0.999835638
1.465047099;9.901020459;0.174546292;179.3908696;-0.999943488
1.463691147;9.848776738;0.173606836;179.1896468;-0.999899985
1.462337703;9.880905967;0.174184554;178.9999935;-0.999847693
1.460986759;9.865311278;0.173904131;178.8838336;-0.999810256
1.459638309;9.897599269;0.174484762;179.3492422;-0.9999355
1.458292345;9.848949663;0.173609945;178.8357361;-0.999793551
1.456948862;9.886124796;0.174278405;178.7682071;-0.999768909
1.455607852;9.86975238;0.173983988;179.0292864;-0.999856485
1.454269308;9.941889366;0.175281412;178.9429254;-0.999829814
1.452933224;9.871835471;0.174021446;179.0649789;-0.999866845
1.451599593;9.880751822;0.174181782;178.9044162;-0.999817189
1.450268407;9.898192664;0.174495434;179.1705217;-0.999895208
1.448939661;9.852803851;0.173679242;179.3230731;-0.999930208
1.447613347;9.891447179;0.174374121;178.968719;-0.999838018
1.44628946;9.877930416;0.174131046;178.7714896;-0.999770139
1.444967991;9.915753562;0.174811279;178.9701878;-0.999838479
1.443648936;9.864991354;0.173898378;179.2536423;-0.999915158
1.442332286;9.876111561;0.174098338;179.0739685;-0.999869393
1.441018036;9.913590104;0.174772366;178.9835786;-0.999842652
1.439706178;9.876976792;0.174113897;179.2016502;-0.999902926
1.438396707;9.861606808;0.173837521;179.2701567;-0.999918871
1.437089616;9.862750361;0.173858083;179.1679255;-0.999894551
1.435784898;9.881495895;0.174195163;179.0816289;-0.999871545
1.434482547;9.851689138;0.1736592;179.270606;-0.99991897
1.433182557;9.86648646;0.173925262;179.3046157;-0.999926351
1.431884921;9.871551449;0.174016338;179.0827496;-0.999871858
1.430589632;9.878269805;0.174137149;179.0395559;-0.999859506
1.429296685;9.88280383;0.174218683;179.2126809;-0.99990559
1.428006073;9.856257199;0.173741333;179.130604;-0.99988488
1.426717789;9.895792961;0.174452277;178.9460912;-0.999830832
1.425431828;9.864302266;0.173885988;178.9434971;-0.999829998
1.424148183;9.874380274;0.174067206;178.9949577;-0.999846155
1.422866848;9.842333604;0.173490995;179.0858673;-0.999872728
1.421587816;9.875667936;0.174090361;179.0054748;-0.999849358
1.420311082;9.876955513;0.174113515;179.1098621;-0.999879321
1.419036639;9.852367669;0.173671399;179.1889633;-0.999899816
1.417764481;9.868077019;0.173953862;179.0275828;-0.999855981
1.416494602;9.86434975;0.173886842;179.1464394;-0.999889035
1.415226995;9.866435165;0.17392434;179.1551958;-0.9998913
1.413961656;9.847399342;0.173582072;179.1669953;-0.999894315
1.412698577;9.863509645;0.173871736;179.1249275;-0.999883372
1.411437753;9.86304125;0.173863313;179.1772492;-0.999896901
1.410179177;9.849465204;0.173619214;179.167176;-0.999894361
1.408922844;9.858642941;0.173784229;179.163939;-0.999893538
1.407668747;9.862985331;0.173862308;179.1819806;-0.999898083
1.406416881;9.879592452;0.174160934;179.1622902;-0.999893118
1.405167239;9.867018075;0.173934821;179.1308291;-0.999884939
1.403919817;9.861061946;0.173827724;179.1170443;-0.999881261
1.402674607;9.865493864;0.173907414;179.1819084;-0.999898065
1.401431604;9.855080293;0.173720172;179.1352255;-0.9998861
1.400190802;9.860258081;0.17381327;179.1193189;-0.999881872
1.398952195;9.869924715;0.173987087;178.979735;-0.99984146
1.397715778;9.881149847;0.17418894;179.2014339;-0.999902873
1.396481544;9.873207105;0.17404611;179.1859029;-0.999899058
1.395249488;9.864003821;0.173880621;179.1239799;-0.999883119
1.394019604;9.862971578;0.173862061;179.2068966;-0.999904197
1.392791887;9.868597491;0.173963221;179.151351;-0.999890308
1.39156633;9.858037299;0.173773339;179.1978273;-0.999901994
1.390342928;9.859513258;0.173799878;179.1964398;-0.999901655
1.389121675;9.865975644;0.173916077;179.0584859;-0.999864989
1.387902566;9.856051038;0.173737626;179.1329307;-0.999885495
1.386685595;9.857819138;0.173769417;179.1016907;-0.999877096
1.385470756;9.856776406;0.173750668;179.1308314;-0.99988494
1.384258043;9.860404993;0.173815912;179.0539844;-0.999863695
1.383047452;9.873669769;0.17405443;179.0387985;-0.999859284
1.381838977;9.84584164;0.173554066;179.1501657;-0.999890002
1.380632611;9.868268848;0.173957312;179.0689191;-0.999867965
1.37942835;9.850194833;0.173632333;178.9149986;-0.999820703
1.378226188;9.856419776;0.173744256;179.1827057;-0.999898264
1.37702612;9.850817711;0.173643532;179.1330811;-0.999885535
1.37582814;9.858460103;0.173780942;179.1547111;-0.999891175
1.374632242;9.864557976;0.173890586;179.1547091;-0.999891175
1.373438421;9.854072501;0.173702052;179.1440393;-0.99988841
1.372246672;9.85194967;0.173663884;179.1585813;-0.99989217
1.37105699;9.854415452;0.173708218;179.1937785;-0.999901002
1.369869369;9.861007804;0.173826751;179.0797626;-0.999871022
1.368683803;9.850136973;0.173631292;179.2623365;-0.999917123
1.367500288;9.863167857;0.17386559;179.130533;-0.999884861
1.366318817;9.860543629;0.173818404;179.2228993;-0.999908024
1.365139387;9.85793517;0.173771503;179.2043863;-0.99990359
1.363961991;9.846423212;0.173564522;179.0324578;-0.999857421
1.362786624;9.844398429;0.173528118;179.1167804;-0.99988119
1.361613281;9.860767368;0.173822427;179.0555721;-0.999864152
1.360441956;9.855045483;0.173719546;179.1748405;-0.999896297
1.359272646;9.851544652;0.173656602;179.056289;-0.999864358
1.358105343;9.854268019;0.173705567;179.1706725;-0.999895246
1.356940044;9.848177247;0.173596058;179.0502844;-0.999862627
1.355776743;9.856171222;0.173739787;179.1078327;-0.99987877
1.354615434;9.854863389;0.173716272;179.0360282;-0.999858472
1.353456114;9.856906431;0.173753006;179.093727;-0.999874907
1.352298776;9.842880665;0.173500831;179.0365207;-0.999858616
1.351143416;9.854719423;0.173713683;179.0734294;-0.999869241
1.349990028;9.853871828;0.173698444;179.1680929;-0.999894594
1.348838608;9.840796415;0.173463359;179.0894075;-0.999873712
1.34768915;9.85118557;0.173650146;179.099209;-0.999876416
1.346541649;9.858115137;0.173774739;179.0072716;-0.999849902
1.345396101;9.846308131;0.173562453;179.3470853;-0.999935072
1.344252501;9.847634332;0.173586296;179.1839237;-0.999898567
1.343110843;9.859789821;0.17380485;179.1295487;-0.9998846
1.341971122;9.848142771;0.173595438;179.0223891;-0.999854439
1.340833334;9.837000212;0.17339511;179.2517192;-0.99991472
1.339697474;9.797675884;0.172688219;179.3697376;-0.999939499
1.338563537;9.869358738;0.17397691;179.0017574;-0.99984823
1.337431517;9.874397621;0.174067518;179.2597945;-0.999916551
1.336301411;9.83784879;0.173410366;179.174014;-0.999896089
1.335173213;9.840989326;0.173466827;179.2413908;-0.999912349
1.334046918;9.843682789;0.173515252;178.9325121;-0.999826445
1.332922522;9.876071677;0.174097621;179.2278123;-0.999909184
1.331800019;9.8397882;0.173445233;179.373061;-0.999940135
1.330679406;9.803884646;0.172799816;179.1799874;-0.999897586
1.329560677;9.868998558;0.173970433;179.1552234;-0.999891307
1.328443827;9.826292023;0.173202604;179.3240711;-0.999930414
1.327328853;9.85370355;0.173695418;179.1548297;-0.999891206
1.326215748;9.838131593;0.17341545;179.0096919;-0.999850633
1.325104508;9.863857133;0.173877984;179.1963027;-0.999901621
1.323995129;9.839925827;0.173447707;179.279966;-0.999921037
1.322887607;9.806024406;0.172838278;178.9218323;-0.999822955
1.321781935;9.863544375;0.17387236;179.1375559;-0.999886713
1.32067811;9.833106349;0.173325106;179.0500024;-0.999862545
1.319576128;9.853074967;0.173684116;179.0390394;-0.999859355
1.318475983;9.816967328;0.17303498;179.2067277;-0.999904157
1.31737767;9.86895823;0.173969708;179.1523348;-0.999890563
1.316281186;9.868408394;0.173959821;179.3346591;-0.999932577
1.315186526;9.815034897;0.173000243;179.1167361;-0.999881178
1.314093685;9.847624006;0.173586111;179.0436197;-0.999860692
1.313002658;9.823645079;0.17315502;178.9623551;-0.999836013
1.311913442;9.8487179;0.173605778;179.3513241;-0.999935912
1.310826031;9.8269135;0.173213776;179.3670184;-0.999938976
1.309740422;9.837934258;0.173411902;179.3513266;-0.999935913
1.308656609;9.853014695;0.173683033;179.3911994;-0.999943549
1.307574589;9.836478507;0.17338573;179.2674039;-0.999918257
1.306494356;9.860891533;0.17382466;179.4069258;-0.999946428
1.305415906;9.839346809;0.173437297;179.0311271;-0.999857029
1.304339236;9.877627783;0.174125604;179.1218647;-0.999882554
1.30326434;9.869303518;0.173975917;179.2462969;-0.999913479
1.302191214;9.806379705;0.172844664;179.3876047;-0.999942881
1.301119854;9.831928775;0.173303937;179.3343141;-0.999932507
1.300050256;9.852462222;0.173673099;179.012075;-0.999851351
1.298982414;9.885958106;0.174275407;179.2404454;-0.999912131
1.297916326;9.849331567;0.173616812;179.3898138;-0.999943292
1.296851986;9.839771025;0.173444924;179.0442411;-0.999860873
1.29578939;9.855799196;0.173733098;179.1301088;-0.999884749
1.294728534;9.910555689;0.174717788;179.0919978;-0.999874429
1.293669413;9.846167428;0.173559923;179.2748335;-0.999919907
1.292612024;9.850770108;0.173642676;179.3644216;-0.999938474
1.291556362;9.857416906;0.173762185;179.3247957;-0.999930563
1.290502423;9.834828005;0.173356058;178.9463009;-0.999830899
1.289450202;9.794882369;0.17263801;179.0345413;-0.999858035
1.288399696;9.845551326;0.173548846;179.243352;-0.999912802
1.287350901;9.844167581;0.173523968;179.2324215;-0.999910265
1.286303811;9.818474679;0.173062076;178.8503465;-0.9997987
1.285258423;9.798253648;0.172698604;178.9851666;-0.999843143
1.284214734;9.851966171;0.173664181;179.2680946;-0.999918412
1.283172737;9.835773558;0.173373057;179.4481079;-0.999953609
1.282132431;9.814102574;0.172983484;179.143737;-0.999888331
1.28109381;9.816075547;0.173018949;179.1525155;-0.999890609
1.28005687;9.828765752;0.173247074;179.2233146;-0.999908123
1.279021607;9.830017157;0.173269571;179.2597998;-0.999916552
1.277988018;9.841604865;0.173477893;179.1066894;-0.99987846
1.276956098;9.846427097;0.173564591;178.9572311;-0.999834389
1.275925843;9.811561562;0.172937808;179.2022923;-0.999903082
1.274897249;9.818874111;0.173069256;179.3042056;-0.999926264
1.273870312;9.810199824;0.17291333;179.3641814;-0.999938428
1.272845028;9.812163579;0.172948629;179.3216123;-0.999929907
1.271821394;9.814261642;0.172986343;179.1222002;-0.999882643
1.270799404;9.81741086;0.173042952;179.4637241;-0.999956198
